name,address,borough,zip
*commodities/all Nat Co-d,165 1st Ave,New York,10003
1201 Deli And Grill,1201 Avenue U,Brooklyn,11229
1252 Deli Grocery Corp,1252 Saint Nicholas Ave,New York,10032
1408 Saint Nicholas Deli,1408 Saint Nicholas Ave,New York,10033
149 Deli,395 E 149th St,Bronx,10455
1613 Food Deli,1613 St Nicholas Ave,New York,10040
1624 Deli Grocery,1624 Newkirk,Brooklyn,11226
197 8th Avenue Deli,197 8th Ave,New York,10011
1st Avenue Deli,18 1st Ave,New York,10009
2296 Keyfood Corporation,138-37 Queens Blvd,Queens,11435
234 Deli,234 8th Ave,New York,10011
239 Deli,239 8th Ave,New York,10011
24hr Newstand & Grocery,1521 Kings Highway,Brooklyn,11229
3 Star Deli Grocery Inc,1045 Saint Nicholas Ave,New York,10032
37st Food Market Deli,480 10th Ave,New York,10018
4 Way Deli,251 6th Ave,New York,10014
442 Riverdale Deli,442 Riverdale Ave,Yonkers,10705
6th Avenue News & Tobbaco,488 6th Ave,New York,10011
7 Seas Grocery,235 Bushwick Ave,Brooklyn,11206
7-11 #11144,159 Atlantic Ave,New Hyde Park,11040
7-11 #11148,3125 Lawson Blvd,Oceanside,11572
7-11 #11459,2084 Victory Blvd,Staten Island,10314
7-11 #19880,103 Lincoln Ave,Staten Island,10306
7-11 #20942,41-00 Bell Blvd,Bayside,11361
7-11 #20944,69-58 Main St,Flushing,11367
7-11 #21826,81-64 Lefferts Blvd,Kew Gardens,11415
7-11 #21950,103-01 Queens Blvd,Forest Hills,11375
7-11 #22101,202-15 Northern Blvd,Bayside,11361
7-11 #23897,168-01 Union Turnpike,Flushing,11366
7-11 #24568,1571 Hempstead Turnpike,Elmont,11003
7-11 #25448,504 Long Beach Blvd,Long Beach,11561
7-11 #25986,471 Mclean Ave,Yonkers,10705
7-11 #26601,2702 Knapp St,Brooklyn,11235
7-11 #26673,1970 Ralph Ave,Brooklyn,11234
7-11 #27037,3342 Nostrand Ave,Brooklyn,11229
7-11 #27104,2477 Hylan Blvd,Staten Island,10306
7-11 #27105,58-12 Francis Lewis Blvd,Oakland Gardens,11364
7-11 #27167,2800 Coney Island Ave,Brooklyn,11235
7-11 #27454,2247 Utica Ave,Brooklyn,11234
7-11 #27493,79-01 Northern Blvd,Jackson Heights,11372
7-11 #27690,254-02 Hillside Ave,Glen Oaks,11004
7-11 #27760,22-50 College Point Blvd,College Point,11356
7-11 #29937,65-07 Woodhaven Blvd,Rego Park,11374
7-11 #32116,1590 Hutchinson River Parkway,Bronx,10462
7-11 #32117,8813 4th Ave,Brooklyn,11209
7-11 #32118,146-26 Northern Blvd,Flushing,11354
7-11 #32120,149-52 14th Ave,Whitestone,11357
7-11 #32121,208-22 Cross Island Parkway,Bayside,11360
7-11 #32122,6501 New Utrecht Ave,Brooklyn,11219
7-11 #32123,225-08 Jamaica Ave,Floral Park,11001
7-11 #32126,3768 Nostrand Ave,Brooklyn,11235
7-11 #32127,87-16 Astoria Blvd,East Elmhurst,11369
7-11 #32128,112-11 Liberty Ave,South Richmond Hill,11419
7-11 #32153,246-15 Northern Blvd,Little Neck,11362
7-11 #32201,3508 E Tremont Ave,Bronx,10465
7-11 #32346,72-01 Eliot Ave,Middle Village,11379
7-11 #32406,162-01 46th Ave,Flushing,11358
7-11 #32653,1252 Forest Ave,Staten Island,10302
7-11 #32720,127-02 14th Ave,College Point,11356
7-11 #32884,301 65th St,Brooklyn,11220
7-11 #32951,2090 Hillside Ave,New Hyde Park,11040
7-11 #33094,480 Rockaway Turnpike,Lawerence,11516
7-11 #33318,3220 Westchester Ave,Bronx,10461
7-11 #33549,66-04 Queens Blvd,Woodside,11377
7-11 #33570,107 E 23rd St,New York,10010
7-11 #33574,31-31 Thomson Ave,Long Island City,11101
7-11 #33579,3rd Ave & E 82nd St,New York,10028
7-11 #33616,1594 York Ave,New York,10028
7-11 #33633,345 W 42nd St,New York,10036
7-11 #33680,953 Kings Highway,Brooklyn,11223
7-11 #33684,67-21 Fresh Pond Rd,Ridgewood,11385
7-11 #33687,57-01 Myrtle Ave,Ridgewood,11385
7-11 #33704,1619 Avenue M,Brooklyn,11230
7-11 #33709,133 Avenue U,Brooklyn,11223
7-11 #33975,101-04 Metropolitan Ave,Forest Hills,11375
7-11 #34008,30-01 30th Ave,Astoria,11102
7-11 #34023,107-24 Corona Ave,Corona,11368
7-11 #34051,520 5th Ave,Brooklyn,11215
7-11 #34139,61-19 Northern Blvd,Woodside,11377
7-11 #34172,2515 86th St,Brooklyn,11214
7-11 #34228,250 Jericho Tpke,Bellrose,11426
7-11 #34229,254 Elmont Rd,Elmont,11003
7-11 #34230,881 Manhattan Ave,Brookyln,11222
7-11 #34248,1440 Forest Ave,Staten Island,10302
7-11 #34362,1740 Hylan Blvd,Staten Island,10305
7-11 #34439,59-01 Roosevelt Ave,Woodside,11377
7-11 #34495Brooklyn, New York, 11235,Brooklyn
7-11 #34655,97-07 Queens Blvd,Rego Park,11374
7-11 #34707,247 3rd Ave,New York,10010
7-11 #34736,1623 Flatbush Ave,Brooklyn,11210
7-11 #34764,333 E 23rd St,New York,10010
7-11 #34909,287 Jericho Turnpike,Floral Park,11001
7-11 #34917,1412 1st Ave,New York,10021
7-11 #34920,1599 Hillside Rd,New Hyde Park,11040
7-11 #35026,253-02 Union Tpke,Glen Oaks,11004
7-11 #35049,2474 Flatbush Ave,Brooklyn,11234
7-11 #35050,22-29 31st St,Astoria,11105
7-11 #35057,171 Madison Ave,New York,10016
7-11 #35300,224 5th Ave,New York,10001
7-11 #35308,351 Bowery St,Brooklyn,11224
7-11 #35314,50-92 Northern Blvd,Long Island City,11101
7-11 #35472,110 Lafayette St,New York,10013
7-11 #35495,42-02 Queens Blvd,Long Island City,11104
7-11 #35516,555 W 42nd St,New York,10036
7-11 #35522,604 Columbus Ave,New York,10024
7-11 #35621,368 8th Ave,New York,10001
7-11 #35630,302 8th Ave,New York,10001
7-11 #35634,415 Mill Rd,Hewlett,11557
7-11 #35642,239 E 14th St,New York,10003
7-11 #35647,1160 1st Ave,New York,10065
7-11 #35656,142 Delancey St,New York,10002
7-11 #35670,1683 1st Ave,New York,10128
7-11 #35691,788 Middle Neck Rd,Great Neck,11024
7-11 #35702,813 Broadway,New York,10003
7-11 #35710,311 Broadway,New York,10007
7-11 #35764,60-31 Metropolitan Ave,Ridgewood,11385
7-11 #35819,182 5th Ave,New York,10010
7-11 #35823,1239 2nd Ave,New York,10065
7-11 #35859,78-14 Roosevelt Ave,Jackson Heights,11372
7-11 #35866,Broadway & W 96th St,New York,10025
7-11 #35887,1764 University Ave,Bronx,10453
7-11 #35889,2192 White Plains Rd,Bronx,10462
7-11 #35895,243 W 34th St,New York,10001
7-11 #35987,107-40 Queens Blvd,Forest Hills,11375
7-11 #36008,194 7th Ave,New York,10011
7-11 #36025,1163 Utica Ave,Brooklyn,11203
7-11 #36038,845 Flatbush Ave,Brooklyn,11226
7-11 #36091,547 Coney Island Ave,Brooklyn,11218
7-11 #36096,136 Empire Blvd,Brooklyn,11225
7-11 #36100,79-41 Metropolitan Ave,Middle Village,11379
7-11 #36477,881 8th Ave,New York,10019
7-11 #36478,111 John St,New York,10038
7-11 #36678,170 Avenue A,New York,10009
7-11 #36797,111 Fulton St,New York,10038
7-11 #36799,135 W 3rd St,New York,10012
7-11 #36802,1523 Avenue J,Brooklyn,11230
7-11 #36878,403 Grand St,New York,10002
7-11 #36950,708 Brighton Beach Ave,Brooklyn,11235
7-11 #36951,179-55 Hillside Ave,Jamaica,11432
7-11 #36979,246 W 23rd St,New York,10011
7-11 #36984,117-13 Farmers Blvd,Saint Albans,11412
7-11 #37020,1239 Fulton St,Brooklyn,11216
7-11 #37023,600 W 178th St,New York,10033
7-11 #37035,478 3rd Ave,New York,10016
7-11 #37064,224-01 Merrick Blvd,Springfield Gardens,11413
7-11 #37066,10504 Flatlands Ave,Brooklyn,11236
7-11 #37073,6321 18th Ave,Brooklyn,11204
7-11 #37104,1642 Lexington Ave,New York,10029
7-11 #37116,2256 2nd Ave,New York,10029
7-11 #37176,2726 Fredrick Douglas Blvd,New York,10030
7-11 #37194,256 W 116th St,New York,10026
7-11 #37339,22 Graham Ave,Brooklyn,11206
7-11 #37539,801 Amsterdam Ave,New York,10025
7-11 #37688,1400 5th Ave,New York,10026
7-11 #37717,159-35 Crossbay Blvd,Howard Beach,11414
7-11 #37733,2 Franklin Avene,Lynbrook,11563
7-11 #37933,500 Baychester Ave,Bronx,10475
7-11 #38309,2290 Forest Ave,Staten Island,10303
7-11 #39084,557 Grand Concourse,Bronx,10451
7-11 #39102,140 Church St,New York,10007
7-11 #39176,219-17 Hillside Ave,Queens Village,11427
7-11 #39190,99-49 Horace Harding Expressway,Rego Park,11368
7-11 #39192,218-01 Northern Blvd,Bayside,11361
7-11 #39195,1381 Atlantic Ave,Brooklyn,11216
7-11 #39222,34-17 Northern Blvd,Long Island City,11106
7-11 #39291,1200 Victory Blvd,Staten Island,10301
7-11 #39295,1705 Richmond Ave,Staten Island,10314
7-11 #39308,535 8th Ave,New York,10018
7-11 #39365,590 E Fordham Rd,Bronx,10458
7-11 #39392,395 3rd Ave,New York,10016
7-11 #39436,15 Page Ave,Staten Island,10309
7-11 #39478,154-10 Rockaway Blvd,Jamaica,11434
7-11 #39479,1810 Forest Ave,Staten Island,10303
7-11 #39513,1755 Dutch Broadway,Elmont,11003
7-11 #39549,1845 Webster Ave,Bronx,10457
7-11 #39681,Jfk International Airport,Jamaica,11430
7-11 #39691,969 W Beech St,Long Beach,11561
7-11 #39775,6778 Hylan Blvd,Staten Island,10307
7-11 #39793,37 Laguardia Airport,Flushing,11371
7-11 #39854,160 Covert Ave,Garden City,11530
7-11 #39875,589 8th Ave,New York,10018
7-eleven,101-04 Metropolitan,Forest Hills,11375
7-eleven,1453 3rd Ave,New York,10028
7-eleven,154-18 Rockaway Blvd,Jamaica,11434
7-eleven,162-05 46th Ave,Flushing,11358
7-eleven,169 Atlantic Ave,Lynbrook,11563
7-eleven,1810 Forrest Ave,Staten Island,10303
7-eleven,2 Franklin Ave,Lynbrook,11563
7-eleven,208-22 Cross Island Pkwy,Bayside,11360
7-eleven,2256 Second Ave,New York,10029
7-eleven,2282 Forest Ave,Staten Island,10303
7-eleven,250-50 Jericho Tpke,Floral Park,11001
7-eleven,2567 Broadway,New York,10025
7-eleven,287 Jericho Tpke,Floral Park,11001
7-eleven,351 Bowery,New York,10003
7-eleven,3778 Nostrand Ave,Brooklyn,11235
7-eleven,395 Flatbush Ave Ext,Brooklyn,11201
7-eleven,58-20 Francis Lewis Blvd,Oakland Gardens,11364
7-eleven,600 Columbus Ave,New York,10024
7-eleven,600 West 178th St,New York,10033
7-eleven,79-37 Metropolitan,Middle Village,11379
7-eleven,883-885 Manhattan Ave,Brooklyn,11222
7-eleven,953 Kings Hwy,Brooklyn,11223
7-eleven,99-49 Horace Harding Exp,Corona,11368
793 Wykoff Deli,7-93 Wyckoff Ave,Ridgewood,11385
810 Grand Deli,810 Grand St,Brooklyn,11211
85th Street Deli,85-01 Jamaica Ave,Woodhaven,11421
91st Ave Food Corp,89-50 92nd St,Woodhaven,11421
A & S Forest Food,607 Forest Ave,Staten Island,10310
A & T Grocery,2908 Stillwell Ave,Brooklyn,11224
A.n.s Deli,523 Grand St,New York,10002
Aaa Convenience,27 N Station Plz,Great Neck,11021
Abington Square Market,1 Abington Square,New York,10014
Adams Bagels,85-15 Main St,Jamaica,11435
Aden Food Market Corp,351 Bedford Ave,Brooklyn,11211
Aden Gourmet Deli,244 Roebling St,Brooklyn,11211
Agata & Valentina #2,64 University Place,New York,10003
Alaska Deli,108 9th Ave,New York,10011
All Night Candy Corner Corp,37-01 31st Ave,Astoria,11103
Amazing Deals,1520 Ave J,Brooklyn,11230
American Choice Gourmet Deli,218 Broadway,Brooklyn,11211
American Deli & Market,97 Franklin St,Brooklyn,11222
Americo Gas,1264 Randall Ave,Bronx,10474
Amish Farms-240 East 45 St,240 E 45th St,New York,10017
Amish Manhatten Farm Mkt,731 9th Ave,New York,10019
Amoco Gas,118-11 Atlantic Ave,Richmond Hill,11418
Amys Deli,71-06 Kissena Blvd,Flushing,11367
Andys Cafe,98 Cutter Mill Rd,Great Neck,11021
Andys Deli,106 7th Ave S,New York,10014
Andys Deli,142 9th Ave,New York,10011
Angelos Superette,3304 Amboy Rd,Staten Island,10306
Annadale Ro Corp,849 Annadale Rd,Staten Island,10312
Annadale Smoke Shop,827 Annadale Rd,Staten Island,10312
Antique Cafe And Bakery,909 3rd Ave,New York,10022
Apple Market,2541 Ocean Ave,Brooklyn,11229
Apple Tree,1225 Amsterdam Ave,New York,10027
Ara/nyu Sidestein Mkt^^,11 University Pl,New York,10003
Aramark - Capital One 27th Fl,299 Park Ave,New York,10171
Aramark - Fit,227 W 27th St,New York,10001
Aramark - Initiative/media Brands,100 W 33rd St,New York,10001
Aramark - Interchurch 1410,475 Riverside Drive,New York,10027
Aramark - Jp Morgan Chase/ Lifeworks,383 Madison Ave,New York,10017
Aramark - Mccann Worldgroup,622 3rd Ave,New York,10017
Aramark - Nyu Sidestein,5-11 University Place,New York,10001
Aramark - Nyu University Hall,110 E 14th St,New York,10003
Aramark - Nyu- Kimmel Mkt Place,60 Washington Square,New York,10012
Aramark -  Thomson Reuters,3 Times Sq,New York,10036
Aramark- Barnard College,2nd Floor,New York,10027
Aramark-jp Morgan Chase,4 Metro Tech Center,Brooklyn,11201
Aramark-nyu - Lipton Hall (hayden),33 Washington Square West,New York,10011
Aramark-nyu Palladium Cafeteria,140 E 14th St,New York,10003
Armstrong Deli,4295 Amboy Rd,Staten Island,10312
Around The Clock,149 Havemeyer St,Brooklyn,11211
Art Lovers Cafe,180 9th Ave,New York,10011
Asian Grocery,1510 Cortelyou Rd,Brooklyn,11226
Associate Mktplace (dar),44-07 Greenpoint Ave,Sunnyside,11104
Associated - Waverly Ave,367 Waverly Ave,Brooklyn,11238
Associated 802 Manhattan Ave,802 Manhattan Ave,Brooklyn,11222
Associated Supermarket,1380 Pennsylvania Ave,Brooklyn,11239
Associated Supermarket,448 Lenox Ave,New York,10037
Associated,123 Avenue C,New York,10009
Associated,37-15 31st Ave,Astoria,11103
Astoria Shell Tire Pros,43-20 Astoria Blvd,Astoria,11103
Aunt Butchies,4 South St,New York,10004
Ave U Candy Store,1507 Avenue U,Brooklyn,11229
Avenue A Classic Food,115 Avenue A,New York,10009
Avenue A Deli,24 Ave A,New York,10009
Avenue Chemist,45-01 30th Ave,Astoria,11103
Avenue U Gourmet Deli & Grocery,2950 Avenue U,Brooklyn,11229
Awesome Deli,60 Broadway,Brooklyn,11249
B & D Deli,800 Long Beach Blvd,Long Beach,11561
Bagel Buffet,510 6th Ave,New York,10011
Bagel Buster,700 Arthur Kill Rd,Staten Island,10308
Bagel Cafe,125 Fulton St,New York,10038
Bagel Smith,566 Lorimer St,Brooklyn,11211
Bagels R Us,4300 Amboy Rd,Staten Island,10312
Bagh Deli,118-22 Atlantic Ave,South Richmond Hill,11419
Barcelona Grocery,1601 Westchester,Bronx,10472
Bay Parkway Grocery,8511 Bay Parkway,Brooklyn,11214
Beach Bagel,1090 W Beech St,Long Beach,11561
Beachstone Beverage Inc,157-34 96th St,Howard Beach,11414
Beca Beverage Inc.,42-65 Kissena Blvd,Flushing,11355
Bedford Fruit Market,146 Bedford Ave,Brooklyn,11249
Bella Vita Bev Inc.,57-65 48th St,Maspeth,11378
Bens Deli Grocery,32 Ave B,New York,10009
Berry Fresh Farm,43-26 Ditmars Blvd,Astoria,11105
Best Choice Convenience,30-03 Astoria Blvd,Astoria,11102
Best Deli And Grill,201 W 242nd St,Bronx,10471
Best Deli Grocery,671 Bushwick Ave,Brooklyn,11211
Best Deli,10-01 Wyckoff Ave,Ridgewood,11385
Best Price Deli,196 1st Ave,New York,10009
Best Yet Market - East Rockaway,492 Atlantic Ave,East Rockaway,11518
Best Yet Market,19-30 37th St,Astoria,11105
Best Yet Of Great Neck,40 Great Neck Rd,Great Neck,11021
Best Yet Of Tribeca,316 Greenwich St,New York,10013
Best Yet,2187 8th Ave,New York,10026
Best Yet,3350 Hillside Ave,New Hyde Park,11040
Bethel Gourmet,79 Greenwich,New York,10014
Bg Nyc Dennis Samples,Nyc Dennis T,Nyc,11378
Big Apple Food Market,219 East Broadway,New York,10002
Big Apple,671 Grand St,Brooklyn,11211
Big Boy Gourmet,244 W 14th St,New York,10011
Big Deal Supermarket,1018 Morris Park Ave,Bronx,10462
Billys Marketplace,8-70 Cypress Ave,Ridgewood,11385
Blackstone Coffee Roasters,502 Hudson St,New York,10014
Bleeker Farm,272 Bleecker St,New York,10014
Blizzard Beverage,149-17 9th Ave,Whitestone,11357
Blue Star Deli,715 Lorimer St,Brooklyn,11211
Bolla - Caton & Coneycar Care Ctr,378 Coney Island Ave,Brooklyn,11218
Bolla - Hamilton Ave Station Inc,375 Hamilton Ave,Brooklyn,11231
Bolla - Harrys Friendly Car Care,2402 Knapp St,Brooklyn,11235
Bolla - Kings 65 Station Inc,605 65th St,Brooklyn,11220
Bolla - Kings Atlantic C-store Inc,1143 Atlantic Ave,Brooklyn,11216
Bolla - Kings Bay Car Care Inc.,5025 Bay Parkway,Brooklyn,11230
Bolla - Kings Bay Street,231 Bay St,Staten Island,10301
Bolla - Kings Coney Car Care Inc,2624 Coney Island Ave,Brooklyn,11223
Bolla - Kings Flatbush Extension C-store,185 Flatbush Avenue Ext,Brooklyn,11201
Bolla - Kings Flatlands Car Care Center,5808 Flatlands Ave,Brooklyn,11234
Bolla - Kings Hendrix C-store,2816 Atlantic Ave,Brooklyn,11207
Bolla - Kings Linden Service Station,1935 Linden Blvd,Brooklyn,11207
Bolla - Kings Meeker Station Inc,497 Meeker Ave,Brooklyn,11222
Bolla - Kings Mill C-store Inc,6201 Avenue U,Brooklyn,11234
Bolla - Kings Neptune C-store Inc,1702 Neptune Ave,Brooklyn,11224
Bolla - Kings One Stop Super Ctr,2228 Gerritsen Ave,Brooklyn,11229
Bolla - Kins Conduit,463 N Conduit Ave,Brooklyn,11208
Bolla - Mobil - Coney-p Car Care Ctr,1935 Coney Island Ave,Brooklyn,11230
Bolla - Punjab Diagnostic Center,2773 Nostrand Ave,Brooklyn,11210
Bolla -mobil On The Run,3132 Fort Hamilton Parkway,Brooklyn,11218
Bolla-richmond Avenue,1680 Richmond Ave,Staten Island,10314
Bp - Astoria Blvd,30-02 Astoria Blvd,Astoria,11102
Bp - Atlantic Avenue,134-30 Atlantic Ave,South Richmond Hill,11419
Bp - Bartow Avenue,1930 Bartow Ave,Bronx,10469
Bp - Baychester,3804 Boston Rd,Bronx,10475
Bp - Crossbronx,1730 Cross Bronx Expwy,Bronx,10472
Bp - Throgs Neck,4147 Throgs Neck Expressway,Bronx,10465
Bp Amoco,1301 Jericho Tpke,New Hyde Park,11040
Bp Amoco,59-36 Maurice Ave,Maspeth,11378
Bp Gas - Columbus Ave,767 South Columbus Ave,Mount Vernon,10550
Bp Gas - New Hyde Pk,2298 Jericho Turnpike,New Hyde Park,11040
Bp Gas - Webster Ave,4201 Webster Ave,Bronx,10470
Bp Gas Station - Parsons,73-15 Parsons Blvd,Fresh Meadows,11366
Bp Gas,3936 10th Ave,New York,10034
Bp Gas,4353 Broadway,New York,10033
Bp Grand Street,1049 Grand St,Brooklyn,11211
Bp,710 Merrick Rd,Lynbrook,11563
Bravo - Dekalb,844 De Kalb Ave,Brooklyn,11221
Bravo Grand Concourse,2285 Grand Concourse,Bronx,10453
Bravo Supermarket,785 Grand St,Brooklyn,11211
Broadway Famous Deli,4879 Broadway,New York,10034
Broadway Finest,3620 Broadway,New York,10031
Broadway Gourmet,584-588 Broadway,New York,10012
Broadway Grab & Go,395 Broadway,Brooklyn,11211
Broadway Natural,30-07 Broadway,Astoria,11106
Broadway Organic,799 Broadway,Brooklyn,11206
Broadway Wholesome Food & Beer,3578 Broadway,New York,10031
Bronx Bull Beverage Llc,76-07 Ditmars Blvd,East Elmhurst,11370
Brooklyn Beer & Soda,507 Flatbush Ave,Brooklyn,11225
Brooklyn Fare,200 Schermerhorn St,Brooklyn,11217
Brooklyn Fare,431 W 37th St,New York,10018
Brooklyn Fare,666 Greenwich St,New York,10014
Brooklyn Gourmet,313 Bedford Ave,Brooklyn,11211
Brooklyn Market,8102 3rd Ave,Brooklyn,11209
Brooklyn Museum,200 Eastrn Parkway,Brooklyn,11238
Brooklyn Natural,49 Bogart St,Brooklyn,11206
Brooklyn Standard 2,766 Grand St,Brooklyn,11211
Broolkyn Bagel,2829 Coney Island Ave,Brooklyn,11235
Brothers Grocery,542 E 14th St,New York,10009
Brownies Cafe At Columbia,1172 Amsterdam Ave,New York,10027
Bushwick Deli & Grocery,285 Bushwick Ave,Brooklyn,11206
Bushwick Deli Grill,413 Bushwick Ave,Brooklyn,11206
Bushwick Deli,1449 Myrtle Ave,Brooklyn,11237
Butter Beans Kitchen @ Unicef,3 United Nations Plz,New York,10017
C - Town Baychester,98-02 Jamaica Ave,Woodhaven,11421
C-town - 2891 Sedgwick Ave,2891 Sedgwick Ave,Bronx,10468
C-town - 330 Utica,330 Utica Ave,Brooklyn,11213
C-town - 597 East 16th St,597 E 16th St,Brooklyn,11226
C-town - Astoria,40-12 28th Ave,Astoria,11103
C-town - Manhattan Ave,953 Manhattan Ave,Brooklyn,11222
C-town 18th Avenue,6614 18th Ave,Brooklyn,11204
C-town 4918 Bwy,4918 Broadway,New York,10034
C-town 5th Ave Bklyn,7510 5th Ave,Brooklyn,11209
C-town Ave U West,237 Avenue U,Brooklyn,11223
C-town Graham Ave,330 Graham Ave,Brooklyn,11211
C-town Market,74-39 Jamaica Ave,Woodhaven,11421
C-town Seans,41-25 Greenpoint Ave,Sunnyside,11104
C-town Supermarket,59-15 Roosevelt Ave,Woodside,11377
C-town,538 Main St,New Rochelle,10801
Cabanilla Corp,19-30 80th St,East Elmhurst,11370
Cafe Bravo,352 9th Ave,New York,10001
Cafe Europa - 2 Park Ave,2 Park Ave,New York,10016
Cafe Hestia,686 3rd Ave,New York,10017
Cafe One,1619 Amsterdam Ave,New York,10031
Cafe Take 5,560 Northern Blvd,Great Neck,11021
Caffe Benne,208 Avenue A,New York,10009
Campo Deli Grocery,216 Ave B,New York,10009
Campus Deli,1606 Amsterdam Ave,New York,10031
Canal Iconic Magazines,385 Canal St,New York,10013
Canal Street Newstand,52 Canal St,New York,10002
Cardsmart,3259 Richmond Ave,Staten Island,10312
Caton Ave Deli N Luchenoette,1818 Caton Ave,Brooklyn,11226
Catskill Bagel,1416 Cortelyou Rd,Brooklyn,11226
Central Organics,87 Central Ave,Brooklyn,11206
Chartwell - Bronxville School District,177 Pondfield Rd,Bronxville,10708
Chelsea Deli And Pizza,301 10th Ave,New York,10001
Chelsea Fine Food,300 8th Ave,New York,10001
Chelsea Hypermarket,366 W 23rd St,New York,10011
Chelsea Square Market,130 10th Ave,New York,10011
Cherry Tree,4051 Broadway,New York,10032
Cherry Valley M.p.,1115 Pennsylvania Ave,Brooklyn,11207
Cherry Valley Market,529 South Broadway,Yonkers,10705
Cherry Valley Marketplace - 97 Ave,84-12 97th Ave,Ozone Park,11416
Cherry Valley Marketplace -  Rockaway Bl,84-12 Rockaway Blvd,Ozone Park,11416
Cherry Valley,20-16 21st Ave,Astoria,11105
Cherry Valley,20-16 21st St,Astoria,11105
Chick Pea,2 W 46th St,New York,10036
Chick Pea,45 E 45th St,New York,10017
Church Ave Grill,1724 Church Ave,Brooklyn,11218
Church Avenue Food,111 Church Ave,Brooklyn,11218
Circle 7 Deli,1507 Gravesend Neck Rd,Brooklyn,11229
Circle Beverage,75-32 Parsons Blvd,Fresh Meadows,11366
Circle K,203 E Park Ave,Long Beach,11561
Citgo - Queens Blvd,36-20 Queens Blvd,Sunnyside,11101
Citgo,600 Pelham Pkwy S,Bronx,10462
City Acres Market,70 Pine St,New York,10005
City Fresh Market - 2212 3rd Ave,2212 3rd Ave,New York,10035
City Fresh Market -125 East 116,125 E 116th St,New York,10029
City Fresh Market,21-15 Broadway,Astoria,11106
City Gourmet Market,338 8th Ave,New York,10001
City Gourmet,535 9th Ave,New York,10018
Classic Service Car Wash,1859 Utica Ave,Brooklyn,11234
Clay Deli,1115 Manhattan Deli,Brooklyn,11222
Coco Moka,Penn Station,New York,10001
Coffee Z,30 Newkirk Plaza,Brooklyn,11226
Community Deli,857 E 241st St,Bronx,10470
Constellation Culinary - Cornell Tech,2 W Loop Rd,New York,10044
Convenience News,22-44 31st St,Astoria,11105
Convenience Store,1924 Kings Highway,Brooklyn,11229
Corner Grocers,140 Orchard St,New York,10002
Cozy Food Corp,565 Grand St,New York,10002
Crescent Gourmet Deli,27-02 Crescent St,Astoria,11102
Cross County Citco/car Wash,95 Vredenburgh Ave,Yonkers,10704
Crown Heights International Food,840 E New York Ave,Brooklyn,11203
Crowne Plaza Times Square,1605 Broadway,New York,10019
Culinart - Nyu Nursing School,433 1st Ave,New York,10010
Culinart- Norton Rose Fulbright,6th Ave & W 52nd St,New York,10019
Cvs #10112,W 125th St & Saint Nicholas Ave,New York,10027
Cvs #10112,W 125th St & St Nicholas Ave,New York,10027
Cvs #10530,475 6th Ave,New York,10011
Cvs #10613,5 Penn Plaza,New York,10001
Cvs #10654,757 3rd Ave,New York,10017
Cvs #10764,292 Madison Ave,New York,10017
Cvs #10826,1440 Broadway,New York,10018
Cvs #10828,51 Astor Place,New York,10003
Cvs #10970,305 E 86th St,New York,10028
Cvs #11014,969 2nd Ave,New York,10022
Cvs #11038,153-01 10th Ave,Whitestone,11357
Cvs #11075,2833 Broadway,New York,10025
Cvs #6766,75 Clinton St,Brooklyn,11201
Cvs#0122,310 W Park Ave,Long Beach,11561
Cvs#0144,219-39 89th Ave,Queens Village,11427
Cvs#02557,253 1st Ave,New York,10003
Cvs#0491,72-09 Northern Blvd,Jackson Heights,11372
Cvs#0522,625 North Ave,New Rochelle,10801
Cvs#0530,309 Main St,New Rochelle,10801
Cvs#0542,212-20 Northern Blvd,Bayside,11361
Cvs#0551,2030 Hillside Ave,New Hyde Park,11040
Cvs#0601,272 8th Ave,New York,10011
Cvs#0644,8430 New Utrecht Ave,Brooklyn,11214
Cvs#0677,2655 Richmond Ave,Staten Island,10314
Cvs#0745,594 Atlantic Ave,East Rockaway,11518
Cvs#0776,850 Bronx River Rd,Bronxville,10708
Cvs#0802,2320 Ralph Ave,Brooklyn,11234
Cvs#0845,395 Court St,Brooklyn,11231
Cvs#10041,500 W 23rd St,New York,10011
Cvs#10042,859 Manhattan Ave,Brooklyn,11222
Cvs#10086,30 Flatbush Ave,Brooklyn,11217
Cvs#10235,800 10th Ave,New York,10019
Cvs#10298,241 W 57th St,New York,10019
Cvs#10407,298 Mulberry St,New York,10012
Cvs#10426,505 New Rochelle Rd,Bronxville,10708
Cvs#10460,1172 3rd Ave,New York,10065
Cvs#1058,41-08 Queens Blvd,Sunnyside,11104
Cvs#10583,636 6th Ave,New York,10011
Cvs#10612,65 5th Ave,New York,10003
Cvs#10827,3535 Broadway,New York,10031
Cvs#1107,68-02 Myrtle Ave,Ridgewood,11385
Cvs#1113,89-11 Northern Blvd,Jackson Heights,11372
Cvs#1233,2444 Boston Post Rd,Larchmont,10538
Cvs#13019,218 Myrtle Ave,Brooklyn,11201
Cvs#1482,172-21 46th Ave,Flushing,11358
Cvs#1618,81 8th Ave,New York,10011
Cvs#1761,54-06 31st Ave,Woodside,11377
Cvs#1781,633 Merrick Rd,Lynbrook,11563
Cvs#1791,156 Henry St,Brooklyn,11201
Cvs#1906,215-08 73rd Ave,Oakland Gardens,11364
Cvs#1934,One Gussack Plaza Center,Great Neck,11021
Cvs#1940,585 Yonkers Ave,Yonkers,10704
Cvs#1959,4760 Boston Post Rd,Pelham,10803
Cvs#1963,510 Middle Neck Rd,Great Neck,11023
Cvs#2027,251-21 Jamaica Ave,Bellerose,11426
Cvs#2036,1622 3rd Ave,New York,10128
Cvs#2041,83-02 Atlantic Ave,Ozone Park,11416
Cvs#2058,158 Bleecker St,New York,10012
Cvs#2060,488 Ocean Ave,East Rockaway,11518
Cvs#2061,1797 Dutch Broadway,Elmont,11003
Cvs#2062,85-29 126th St,Kew Gardens,11415
Cvs#2095,61-26 188th St,Fresh Meadows,11365
Cvs#2123,61-01 Woodhaven Blvd,Rego Park,11374
Cvs#2141,2925 Kings Highway,Brooklyn,11229
Cvs#2144,1396 2nd Ave,New York,10021
Cvs#2164,211 E Sandford Blvd,Mount Vernon,10550
Cvs#2168,1 Columbus Place,New York,10019
Cvs#2280,329 Wyckoff Ave,Ridgewood,11385
Cvs#2344,1249 Nostrand Ave,Brooklyn,11225
Cvs#2360,743 Amsterdam Ave,New York,10025
Cvs#2364,4065 Amboy Rd,Staten Island,10308
Cvs#2365,640 Franklin Square,Franklin Square,11010
Cvs#2400,1223 2nd Ave,New York,10065
Cvs#2410,6502 18th Ave,Brooklyn,11204
Cvs#2411,1569 1st Ave,New York,10028
Cvs#2413,35-26 Francis Lewis Blvd,Flushing,11358
Cvs#2427,215 Park Ave S,New York,10003
Cvs#2428,512 Neptune Ave,Brooklyn,11224
Cvs#2430,224 E 161st St,Bronx,10451
Cvs#2431,4112 Avenue U,Brooklyn,11234
Cvs#2433,2112 White Plains Rd,Bronx,10462
Cvs#2434,342 E 23rd St,New York,10010
Cvs#2435,75 Christopher St,New York,10014
Cvs#2436,1346 Pennsylvania Ave,Brooklyn,11239
Cvs#2437,732 Allerton Ave,Bronx,10467
Cvs#2438,282 E 149th St,Bronx,10451
Cvs#2439,778a Manor Rd,Staten Island,10314
Cvs#2441,2151 86th St,Brooklyn,11214
Cvs#2442,2-71 Beach 20th St,Far Rockaway,11691
Cvs#2445,540 Amsterdam Ave,New York,10024
Cvs#2457,320 5th Ave,New York,10001
Cvs#2498,341 9th St,Brooklyn,11215
Cvs#2551,3125 Bainbridge Ave,Bronx,10467
Cvs#2556,275 3rd Ave,New York,10010
Cvs#2558,360 6th Ave,New York,10011
Cvs#2574,6702 Fort Hamilton Pkwy,Brooklyn,11219
Cvs#2578,16 Weyman Ave,New Rochelle,10805
Cvs#2671,750 Avenue Of The Americas,New York,10010
Cvs#2672,150 Court St,Brooklyn,11201
Cvs#2699,411 Ditmas Ave,Brooklyn,11218
Cvs#2700,1402 Sheepshead Bay Rd,Brooklyn,11235
Cvs#2716,129 Fulton St,New York,10038
Cvs#2717,1294 Lexington Ave,New York,10128
Cvs#2719,96-09 Liberty Ave,Ozone Park,11417
Cvs#2719,97-01 Liberty Ave,Ozone Park,11417
Cvs#2737,115 W 125th St,New York,10027
Cvs#2769,4901 Kings Highway,Brooklyn,11234
Cvs#2773,130 Dyckman St,New York,10040
Cvs#2812,1070 Flatbush Ave,Brooklyn,11226
Cvs#2906,10204 Flatlands Ave,Brooklyn,11236
Cvs#2939,500 Grand St,New York,10002
Cvs#2940,500 W 42nd St,New York,10036
Cvs#2962,Park Ave S & E 22nd St,New York,10010
Cvs#2975,79-60 Metropolitan Ave,Middle Village,11379
Cvs#2985,97-10 63rd Dr,Rego Park,11374
Cvs#3104,310 Hillside Ave,New Hyde Park,11040
Cvs#3138,206-09 Linden Blvd,Cambria Heights,11411
Cvs#3146,30-97 Steinway St,Astoria,11103
Cvs#3224,130 Lenox Ave,New York,10026
Cvs#3295,1241 Lexington Ave,New York,10028
Cvs#3621,170-05 Linden Blvd,Jamaica,11434
Cvs#3651,372 Jericho Turnpike,Floral Park,11001
Cvs#3752,630 Lexington Ave,New York,10022
Cvs#4014,2182 Broadway,New York,10024
Cvs#4539,Prospect St,Yonkers,10701
Cvs#5134,2014 Cropsey Ave,Brooklyn,11214
Cvs#5159,20-21 Francis Lewis Blvd,Whitestone,11357
Cvs#5367,116 Washington Ave,Cedarhurst,11516
Cvs#5368,1220 Peninsula Blvd,Hewlett,11557
Cvs#5772,1500 Lexington Ave,New York,10029
Cvs#5773,69-80 Grand Ave,Maspeth,11378
Cvs#5830,108-07 Queens Blvd,Forest Hills,11375
Cvs#5847,6817 Bay Pkwy,Brooklyn,11204
Cvs#5861,24 W Grand St,Mount Vernon,10552
Cvs#6030,157-05 Cross Bay Blvd,Howard Beach,11414
Cvs#6045,1571 Forest Ave,Staten Island,10302
Cvs#6046,2690 Hylan Blvd,Staten Island,10306
Cvs#6047,640 Arthur Kill Rd,Staten Island,10308
Cvs#6048,1933 Victory Blvd,Staten Island,10314
Cvs#6049,1361 Hylan Blvd,Staten Island,10305
Cvs#6050,1654 Richmond Ave,Staten Island,10314
Cvs#6051,501 Forest Ave,Staten Island,10310
Cvs#6052,250 Page Ave,Staten Island,10307
Cvs#6053,2045 Forest Ave,Staten Island,10303
Cvs#6054,2465 Richmond Ave,Staten Island,10314
Cvs#6055,5830 Amboy Rd,Staten Island,10309
Cvs#6056,1125 Bay St,Staten Island,10305
Cvs#6057,4045 Hylan Blvd,Staten Island,10312
Cvs#6058,260 Arden Ave,Staten Island,10312
Cvs#6062,200 West End Ave,New York,10023
Cvs#6066,2495 Broadway,New York,10024
Cvs#7019,150 E 42nd St,New York,10017
Cvs#7066,565 W 235th St,Bronx,10463
Cvs#7067,1916 Williamsbridge Rd,Bronx,10461
Cvs#7087,132 Bronx River Rd,Yonkers,10704
Cvs#7186,420 5th Ave,New York,10018
Cvs#7576,31-09 Ditmars Blvd,Astoria,11105
Cvs#8447,222 North Ave,New Rochelle,10801
Cvs#8900,20 University Place,New York,10003
Cvs#8968,222 E 34th St,New York,10016
Cvs#8969,50 E 167th St,Bronx,10452
D&d Deli,289 Hudson St,New York,10013
Daisy Beverage,10 Marion Pl,Yonkers,10705
Daves Gourmet,1944 1st Ave,New York,10029
Davids Auto Repair,302 Mcguinness,Brooklyn,11222
Day & Night,73 Bushwick Ave,Brooklyn,11211
De Cicco - Larchmont,2141 Palmer Ave,Larchmont,10538
De Cicco Food Market,43 Fifth Ave,Pelham,10803
Dear Irving At Aliz Hotel,310 W 40th St,New York,10018
Deli & Grocery 362,376 Hewes St,Brooklyn,11211
Deli 141,141 4th Ave,New York,10003
Deli Food Center,79 E 18th St,Brooklyn,11226
Delta Gas Mart,109 Bronx River Rd,Yonkers,10704
Di Falco Beverage,53 Dexter Ave,Staten Island,10309
Ditmars Supermarket,46-14 Ditmars Blvd,Astoria,11105
Diviera Drive,131 Berry St,Brooklyn,11249
Dominguez Grocery,1004 Flushing Ave,Brooklyn,11237
Don Juan Deli Grocery,110 Forsyth St,New York,10002
Downtown Natural Market,1701 Church Ave,Brooklyn,11226
Dunwoodie Deli & Dairy,325 Yonkers Ave,Yonkers,10701
Dyckman Deli,201 Dyckman St,New York,10040
E & P Beverage Corp,1000 Ocean Pkwy,Brooklyn,11230
E & S Wholesale,159 Essex St,New York,10002
E Smoke And Convenience,618 8th Ave,New York,10018
E Village Fruit,229 Ave B,New York,10009
E2 Mini Mart,52 Rivington St,New York,10002
Early Bird Smoke Shop,91 Norman Ave,Brooklyn,11222
East 18th Street Deli,57 E 18th St,Brooklyn,11226
East Village Farms,69 2nd Ave,New York,10003
East Village Finest Deli,50 Ave B,New York,10009
Edwys Grocery,274 S 4th Ave,Mount Vernon,10550
Eighth Avenue Gourmet Deli,134 8th Ave,New York,10011
El Clasico Candy Corp,969 Manhattan Ave,Brooklyn,11222
Eleganza Gourmet,1 Convent Ave,New York,10027
Elma Farms Market (zeytuna),17 Battery Place,New York,10004
Elverton Bagels,496 Arthur Kill Rd,Staten Island,10308
Emigrant Savings Bank,6 E 43rd St,New York,10017
Emmons Deli,1729 Emmons Ave,Brooklyn,11235
Empire Deli,245 9th Ave,New York,10001
Empire Deli,42-16 30th Ave,Astoria,11103
Epicurean Market,45 University Place,New York,10003
Esayi Pizza & Deli,2461 Adam Clayton Powell Jr Blvd,New York,10030
Essen,160 Varick St,New York,10013
Evergreen,476 6th Ave,New York,10011
Exquisite Grill Deli,521 Lenox Ave,New York,10037
Exxon - Bolla Market,340 Rockaway Turnpike,Cedarhurst,11516
F & B Organic,172 Havemeyer St,Brooklyn,11211
Fairway - 12th Avenue,2328 12th Ave,New York,10027
Fairway - Broadway,2127 Broadway,New York,10023
Fairway - Chelsea,55 W 25th St,New York,10010
Fairway - Douglaston,242-02 61st Ave,Little Neck,11362
Fairway - Kips Bay,580 2nd Ave,New York,10016
Fairway - Pelham,895 Pelham Plaza,Pelham Manor,10803
Fairway - Ralph Ave.,2149 Ralph Ave,Brooklyn,11234
Fairway - Red Hook,500 Van Brunt St,Brooklyn,11231
Family Community Deli & Luncheonette Cor,41 Saint Nicholas Ter,New York,10027
Family Grocery And Deli,107-27 Atlantic Ave,Richmond Hill,11418
Farmers Deli,723 Grand St,Brooklyn,11211
Farmers Market,369 W 9th St,Brooklyn,11204
Farmers Market,64 W 9th St,New York,10011
Fast Break Inc.,104-19 Queens Blvd,Forest Hills,11375
Fast Break News,460 W 34th St,New York,10001
Fine & Fare - Ogden Ave,1136 Ogden Ave,Bronx,10452
Fine Fair,136 Lenox Ave,New York,10026
Fine Fair,229 Knickerbocker Ave,Brooklyn,11237
Fine Fare - 1065 East 163 St,1065 E 163rd St,Bronx,10459
Fine Fare - 3131 Grand Concourse,3131 Grand Concourse,Bronx,10468
Fine Fare Supermarket,175 Clinton St,New York,10002
Fine Fare Supermarket,42 Ave C,New York,10009
Fine Fare Supermarket,545 Grand St,New York,10002
Fine Fare,1718 Madison Ave,New York,10029
Fine Fare,261 Kingston Ave,Brooklyn,11213
Fine Fare,48-18 Broadway,Astoria,11103
Fine Fare,89-45 163rd St,Jamaica,11432
Finest Deli,171 Bleecker St,New York,10012
Fitness Gourmet,162 1st Ave,New York,10009
Five Star Bagel,284 Burnside Ave,Lawrence,11559
Flik - Ropes -n-gray,1211 6th Ave,New York,10036
Flik - White And Case,1221 6th Ave,New York,10020
Flik - Wilmerhale New York,7 World Trade Center,New York,10007
Flik- Kirkland & Ellis,601 Lexington Ave,New York,10022
Food Bazaar #11,17 Ridgewood Pl,Brooklyn,11237
Food Bazaar #16,1102 Myrtle Ave,Brooklyn,11206
Food Bazaar #17,35-60 Junction Blvd,Corona,11368
Food Bazaar #18,238 E 161st St,Bronx,10451
Food Bazaar #22,21 Manhattan Ave,Brooklyn,11206
Food Bazaar #23,1580 Gates Ave,Ridgewood,11385
Food Bazaar #25,417 Junius St,Brooklyn,11212
Food Bazaar #30,535 E 170th St,Bronx,10456
Food Bazaar #37,58-01 Junction Blvd,Jackson Heights,11373
Food Bazaar #40Mount Vernon, New York, 10550,Mount Vernon
Food Bazaar #42,445 E 163rd St,Bronx,10451
Food Bazaar #49,11110 Flatlands Ave,Brooklyn,11207
Food Bazar #41,42-02 Northern Blvd,Long Island City,11101
Food Cellar & Co.,4-85 47th Rd,Long Island City,11101
Food Cellar Market,43-18 Crescent St,Long Island City,11101
Food Dynasty,1525 86th St,Brooklyn,11228
Food Dynasty,50 Van Cortlandt Ave W,Bronx,10463
Food Dynasty,7414 3rd Ave,Brooklyn,11209
Food Fair,433 W 34th St,New York,10001
Food Kick,630 W 52nd St,New York,10019
Food Story Natural Market,40 Bogart St,Brooklyn,11206
Food Story Natural,23-38 31st St,Astoria,11105
Food Story,1552 Myrtle Ave,Brooklyn,11237
Food Universe #0102,35-10 Francis Lewis Blvd,Bayside,11361
Food Universe #0103,75-55 31st Ave,East Elmhurst,11370
Food Universe #1944,196-35 Horace Harding Blvd,Flushing,11362
Food Universe - Fresh Meadow,70-63 Parson Blvd,Fresh Meadow,11365
Food Universe Lic,34-14 Steinway St,Long Island City,11101
Food Universe Marketplace,72 Nagle Ave,New York,10040
Food Universe,243 Schenectady Ave,Brooklyn,11213
Food Universe,5029 Broadway,New York,10027
Food Universe,70-63 Parsons Blvd,Fresh Meadows,11365
Food World - 107th Street,935 E 107th St,Brooklyn,11236
Food World - Jamaica,148-35 Jamaica Ave,Jamaica,11435
Food World,119-14 Sutphin Blvd,Jamaica,11434
Foodmart,111 2nd Ave,New York,10003
Foodtown #587 Psk,91-05 Third Ave,Brooklyn,11209
Foodtown #589 Psk,382 Mc Donald Ave,Brooklyn,11218
Foodtown #602 Psk,1420 Fulton St,Brooklyn,11216
Foodtown #609 Psk,300 W 145th St,New York,10039
Foodtown #621,3367 Hillside Ave,New Hyde Park,11040
Foodtown - 1316 Amsterdam,1316 Amsterdam Ave,New York,10027
Foodtown - Lake Ave,129 Lake Ave,Yonkers,10703
Foodtown - North 3rd St,159 N 3rd St,Brooklyn,11211
Foodtown - Union Avenue,204 Union Ave,Brooklyn,11211
Foodtown,2211 3rd Ave,New York,10035
Foodtown,31 E Prospect Ave,Mount Vernon,10550
Foodtown,5555 Broadway,Bronx,10463
Foodtown,756 St Nicholas Ave,Nyc,10027
Forest Superette,350 Forest Ave,Staten Island,10301
Four Season Grill,98 Wyckoff Ave,Brooklyn,11237
Franklin Corner Cafe,210 Franklin St,Brooklyn,11222
Franks Market Place,807 W 187th St,New York,10033
Fresh & Save - Woodside,62-09 Roosevelt Ave,Woodside,11377
Fresh Direct V# 12494,630 Flushing Ave,Brooklyn,11206
Fresh Meadows Country Club,255 Lakeville Rd,Great Neck,11020
Fresh Start Market Place,180 Montague St,Brooklyn,11201
Freshco Grocery And Deli,97 Stanton St,New York,10002
Fruit Bowl,148 W Park Ave,Long Beach,11561
Fusion Juice Bar,30-93 38th St,Astoria,11103
Galaxy Gourmet Deli,3778 Broadway,New York,10032
Garden Deli,185 Starr St,Brooklyn,11237
Gentle Brew,1 National Blvd,Long Beach,11561
Getty,49-25 Van Dam St,Long Island City,11101
Gourmet 157,157 Christopher St,New York,10014
Gourmet A Fare,1133 Manhattan Ave,Brooklyn,11222
Gourmet Deli 114,114 Wyckoff Ave,Brooklyn,11237
Gourmet Deli Grill,6318 18th Ave,Brooklyn,11204
Gourmet Deli,101 Nassau Ave,Brooklyn,11222
Gourmet Deli,22-17 Astoria Blvd,Astoria,11102
Gourmet Deli,243 Broome St,New York,10002
Gourmet Garage **,1245 Park Ave,New York,10128
Gourmet Garage - Broadway,366 Broadway,New York,10013
Gourmet Garage / 117 7ave S,117 Seventh Ave South,New York,10014
Gourmet Garage / 155a W66th St,155a W 66th St,New York,10023
Gourmet Garage / 453 Broome,489 Broome St,New York,10013
Gourmet Market & Bagel,5993 Broadway,Bronx,10471
Graces Market Place,1299 2nd Ave,New York,10065
Graham Garden,359 Graham Ave,Brooklyn,11211
Gramaton Deli,118 Gramatan Ave,Mount Vernon,10550
Grand Freedom Market,805 Grand St,Brooklyn,11211
Grand Gourmet,619 Grand St,Brooklyn,11211
Great Performances,304 Hudson St,New York,10013
Green Apple,375 Graham Ave,Brooklyn,11211
Green Apple,375 Graham,Brooklyn,11211
Green Blend,387 8th Ave,New York,10001
Green Forest Market,1520 Avenue M,Brooklyn,11230
Green Garden Deli,626 Manhattan Ave,Brooklyn,11222
Green Star Food,95 Delancey St,New York,10002
Green Valley Market,138-54 84th Drive,Briarwood,11435
Greenbay Organic Foods,31-10 30th Avenu,Astoria,11102
Greenpoint Deli Market,903 Manhattan Ave,Brooklyn,11222
Grenwich Social,1 W 13th St,New York,10011
Grocery Plus,188 Utica Ave,Brooklyn,11213
Gulf Express,133-44 150th St,Jamaica,11436
Gulf Gas,1419 Bruckner Blvd,Bronx,10472
Gulf Gas,1885 Westchester Ave,Bronx,10472
Gulf Gas,2276 Westchester Ave,Bronx,10462
Gulf Gas,566 Northern Blvd,Great Neck,11020
H & H Deli,249 Avenue U,Brooklyn,11223
H & H Deli,471 6th Ave,New York,10011
H - Yard Gourmet Deli,450 9th Ave,New York,10018
H Mart Bayside Llc,46-40 Francis Lewis Blvd,Bayside,11361
H Mart,495 Great Neck Rd,Great Neck,11021
H Village Farm,61 1st Ave,New York,10003
Haha Fresh,195 9th Ave,New York,10011
Halsey,245 Malcom X Blvd,Brooklyn,11233
Hana Deli,534 Metropolitan Ave,Brooklyn,11211
Hana Natural & Health,24 Wyckoff Ave,Brooklyn,11237
Hanahreum,156-40 Northern Blvd,Flushing,11354
Hanan Deli & Grocery,1603 Avenue U,Brooklyn,11229
Hand Rolled Bagels,930 Hillside Ave,New Hyde Park,11040
Hans Deli,645 Broadway,New York,10012
Happy Deli,1200 White Plains Rd,Bronx,10472
Harvest Market,75 Fleetwood Ave,Mount Vernon,10552
Health Green Deli,48 3rd Ave,New York,10003
Healthy Choice,1776 Madison Ave,New York,10035
Healthy Market Place,217 1st Ave,New York,10003
Heavenly Market & Deli,77 3rd Ave,New York,10003
Heavenly Market,44 E 8th St,New York,10003
Hewlett Food Mart,300 Mill Rd,Hewlett,11557
Hi Mango Market,1055 Flushing Ave,Brooklyn,11215
Hi Mango Natural Market,341 Knickerbocker Ave,Brooklyn,11237
Hilton Garden Inn / West 35th Street,63 W 35th St,New York,10001
Hollyland Market,122 Saint Marks Place,New York,10009
Holy Cross High School,26-20 Francis Lewis Blvd,Flushing,11358
Hot Bagels,127 Church Ave,Brooklyn,11218
Hot Bagels,1307 Arthur Kill Rd,Staten Island,10312
Hotel W - 1567 Broadway,1567 Broadway,New York,10036
Howard Market,54 Howard Ave,Brooklyn,11221
Hudson Food Court,333 Hudson St,New York,10013
Hudson Food Market,312 11th Ave,New York,10001
Hudson Gourmet,514 Hudson St,New York,10014
Hudson Market,303 10th Ave,New York,10001
Hudson Street Pharmacy,345 Hudson St,New York,10014
Hungry Ghost Coffee,165 Church St,New York,10007
I & I Deli,59 Norman Ave,Brooklyn,11222
Iconic Magazine,215 Bowery St,Brooklyn,11224
Ideal Food Basket,1301 Church Ave,Brooklyn,11226
Ideal Food Basket,175-35 Hillside Ave,Jamaica,11432
Ideal Food Basket,710 Coney Island Ave,Brooklyn,11218
Ideal Supermarket,169-85 137th Ave,Jamaica,11434
In N Out Deli Grill,2328 Mermaid Ave,Brooklyn,11224
Indy Market,1165 Broadway,Brooklyn,11221
International News,1508 Avenue J,Brooklyn,11230
International News,1524 Avenue M,Brooklyn,11230
Intoxx Fitness,2071 Clove Rd,Staten Island,10304
Isaac Apple,329 Church Ave,Brooklyn,11218
Island Convenience,2031 Forest Ave,Staten Island,10303
Island Soft Pretzel,6 Ferry Terminal Dr,Staten Island,10301
Iv Seasons Deli,1802 Ave U,Brooklyn,11229
J & J General Store,233 Port Richmond,Staten Island,10302
J & S Power Beverage,30-28 Murray Ln,Flushing,11354
J And J Grocery,1840 Coney Island Ave,Brooklyn,11230
J And P Lobby,601 W 26th St,New York,10001
J.w. Market,242 Sullivan St,New York,10012
Jcc Manhattan,334 Amsterdam Ave,New York,10023
Jeannies Deli,194 8th Ave,New York,10011
Jet Rock,La Guardia Airport,Flushing,11374
Jfk Internationa Airport,Jet Blue Terminal 5,Jamaica,11430
Jfk International Airport,American Airlines Terminal 8,Queens,11430
Jia Li / C&p Beer,151 Knickerbocker Ave,Brooklyn,11237
Jia Li Beverage Wholesale,208 Clifton Place,Brooklyn,11216
Joanns Deli,1373 Bay St,Staten Island,10305
Joes Busy Corner Gourmet Deli,552 Driggs Ave,Brooklyn,11211
Johns Deli & Grocery 260,260 Nassau Ave,Brooklyn,11222
Js Nostrand Market,1881 Nostrand Ave,Brooklyn,11226
Jubilee Market,447 Broadway,New York,10003
Just Delicious Deli,80 Varick St,New York,10013
K & J Deli & Organic,52 N 11th St,Brooklyn,11249
K & M Gourmet Deli,146 Nassau Ave,Brooklyn,11222
K And K Convenience Store,364 W 23rd St,New York,10011
Key Food #1368,2066 Rockaway Parkway,Brooklyn,11236
Key Food #1570,169 Atlantic Ave,Brooklyn,11201
Key Food #1588,599 Avenue Z,Brooklyn,11223
Key Food #1620,30-13 36th Ave,Astoria,11106
Key Food #1750,1769 2nd Ave,New York,10128
Key Food #1936,83-25 153rd Ave,Howard Beach,11414
Key Food #1938,5661 Riverdale Ave,Bronx,10471
Key Food #1940,259-01 Union Turnpike,Glen Oaks,11004
Key Food #1964,100 Greaves Lane,Staten Island,10308
Key Food #1968,87-25 Lefferts Blvd,Jamaica,11418
Key Food #2294,79-15 Main St,Flushing,11367
Key Food #790,4365 Broadway,New York,10033
Key Food - 116-02 Baisley,166-02 Baisley Blvd,Jamaica,11434
Key Food - 1407 Foster Ave,1407 Foster Ave,Brooklyn,11230
Key Food - 21st Street,44-65 21st St,Long Island City,11101
Key Food - Atlantic Ave,1720 Atlantic Ave,Brooklyn,11213
Key Food - Bayridge,242 Bay Ridge Ave,Brooklyn,11220
Key Food - College Point,15-19 College Point Blvd,College Point,11356
Key Food - Columbia Street,42 Columbia St,New York,10002
Key Food - Cortelyou,1610 Cortelyou Rd,Brooklyn,11226
Key Food - Cross Bay,163-30 Cross Bay Blvd,Howard Beach,11414
Key Food - Flushing,155-15 Aguilar Ave,Flushing,11367
Key Food - Long Beach,1080 W Beech St,Long Beach,11561
Key Food - Myrtle Ave,60-16 Myrtle Ave,Ridgewood,11385
Key Food - Queens Blvd,108-27 Queens Blvd,Forest Hills,11375
Key Food - Queens Blvd,116-34 Queens Blvd,Forest Hills,11375
Key Food - Rockaway,87-15 Rockaway Beach Blvd,Rockaway Beach,11693
Key Food - Six Towers,61-10 Queens Blvd,Woodside,11377
Key Food - West 125th Street,421 W 125th St,New York,10027
Key Food - Wyckoff,72 Wyckoff Ave,Brooklyn,11237
Key Food 18th Ave,8772 18th Ave,Brooklyn,11214
Key Food Mill Basin,6620 Avenue U,Brooklyn,11234
Key Food Neptune Ave,3485 Neptune Ave,Brooklyn,11224
Key Food,102-02 101st Ave,Ozone Park,11416
Key Food,42-15 30th Ave,Astoria,11103
Key Food,492 Myrtle Ave,Brooklyn,11205
Key Food,50-01 2nd St,Long Island City,11101
Key Food,505 Neptune Ave,Brooklyn,11224
Key Food,55 Fulton St,New York,10038
Key Food,651 Nostrand Ave,Brooklyn,11216
Key Food,881 Gerard Ave,Bronx,10452
Key Food-gemstone #1040,61-50 Springfield Blvd,Bayside,11364
Key Food-gemstone #1044,164-05 69th Ave,Fresh Meadows,11365
Key Food-pick Quick #434,224 Mcguinness Blvd,Brooklyn,11222
Key Food-pick Quick #440,120 5th Ave,Brooklyn,11217
Key Food-tapps #1464,1366 6th Ave,New York,10019
Key Food-tapps #1710,53 Park Place,New York,10007
Key Food-tapps #600,575 Grand St,Brooklyn,11211
Khims Millennium Iv Inc,260 Bushwick Ave,Brooklyn,11206
King Kullen #08,1430 Northern Blvd,Manhasset,11030
King Kullen #14,1765 Peninsula Blvd,Hewlett,11557
King Kullen #34,206 New Hyde Park Rd,Franklin Square,11010
King Kullen #39,23-05 Jericho Turnpike,Garden City Park,11040
Kingdom Food,443 Morris Park Ave,Bronx,10462
Kings 1360 C-store,1360 Hempstead Turnpike,Elmont,11003
Kings 2115 Linden C-store,2115 Linden Blvd,Elmont,11003
Kings Cedarhurst Car Care Inc,360 Rockaway Turnpike,Cedarhurst,11516
Kings Convenience,1426 Kings Highway,Brooklyn,11229
Kings County Hospital (cafeteria),451 Clarkson Ave,Brooklyn,11203
Kings Cross Bay Car Care Inc,135-45 Cross Bay Blvd,Ozone Park,11417
Kings Deli Grocery,1702 E 16th St,Brooklyn,11229
Kings Express Deli,1801 Ave U,Brooklyn,11229
Kings Hewlett Service Station Inc,1291 Peninsula Blvd,Hewlett,11557
Kings Pharmacy & Surgical,492 Clarkson Ave,Brooklyn,11203
Kings Pharmacy,1054 W Beech St,Long Beach,11561
Knapp Street Bagels,2771 Knapp St,Brooklyn,11235
L & M Deli,80 7th Ave,New York,10011
L Stop Gourmet,223 Montrose Ave,Brooklyn,11206
L-mos Market,51 Morgan Ave,Brooklyn,11237
L.b.railroad Street Newsstand,23 W Park Ave,Long Beach,11561
La Bella,7901 13th Ave,Brooklyn,11228
La Luna Deli & Cafe,44-01 30th Ave,Astoria,11103
Laguardia Airport,Delta - Terminal D,Flushing,11374
Laguardia AirportRego Park, New York, 11374,Rego Park
Lai Lai,4520 Broadway,New York,10040
Lama Trading-natural Frtr,12-01 Jackson Ave,Long Island City,11101
Lander Market,1440 Richmond Ave,Staten Island,10314
Late Night & Late Gourmet,905 Metropolitan Ave,Brooklyn,11211
Latin Grill Factory,89-02 Merrick Blvd,Jamaica,11432
Le Basket,683 Broadway,New York,10012
Lemon Tree Natural Market,387 Graham Ave,Brooklyn,11211
Les Mini Mart,127 Rivington St,New York,10002
Lga Airport,Marine Air Terminal,Flushing,11371
Lincoln Gourmet Deli,522 9th Ave,New York,10018
Lincoln Market,33 Lincoln Place,Brooklyn,11225
Lincoln Newstand,60 E 42nd St,New York,10165
Loho Gourmet Deli,204 Clinton St,New York,10002
London Terrance,252 10th Ave,New York,10001
Loupino Deli,111 Pelham Rd,New Rochelle,10805
Ls Quad Cafe,1 Pro Health Plaza,Lake Success,11042
Lucky 7 Gourmet,400 Bedford Ave,Brooklyn,11249
Lucky Seven Smoke Shop N Deli,2713 Avenue U,Brooklyn,11229
M & N Deli Grocery,96-27 Atlantic Ave,Woodhaven,11421
M & N Deli Organic,186 Broadway,Brooklyn,11211
M & O Market,124 Thompson St,New York,10012
M & Z Deli,2162 Forest Ave,Staten Island,10303
M.v Quick Stop Corp,2875 W 8th St,Brooklyn,11224
M2m,19 Waverly Place,New York,10003
Macquarie - Cafe 18,120 W 56th St,New York,10019
Mahant 342,342 Canal St,New York,10013
Mamamoo Hilarious Kitchen,350 W 37th St,New York,10018
Manhattan Deli Store Corp,57 Audubon Ave,New York,10032
Mannys Deli & Grocery,146 Graham Ave,Brooklyn,11206
Manor Superette,931 Manor Rd,Staten Island,10314
Marble Hill Garden Of Edin,5187 Broadway,Bronx,10468
Mark Twain Deli,120 Bedford Ave,Brooklyn,11249
Marketplace Emporium #1980,810 8th Ave,New York,10019
Martin News,3 World Financial Center,New York,10285
Martin News,55 Water St,New York,10041
Martins News - 388 Greenwch,388 Greenwich St,New York,10013
Master Mini Market,129 Ridge St,New York,10002
Matco,72 Bear St,Staten Island,10304
Mbj @ Bmcc. Inc.,199 Chambers St,New York,10007
Mccarren Deli & Grill,57 Nassau Ave,Brooklyn,11222
Mclean Pharmacy,211 Mclean Ave,Yonkers,10705
Mercedes House Market,550 W 54th St,New York,10019
Mercedes House Market,550 West 54th St,New York,10019
Mes Tropical Bar,408 E 8th St,New York,10009
Met - Sunnyside,44-07 43rd Ave,Sunnyside,11104
Met Food - Ave U,116 Ave U,Brooklyn,11223
Met Food,79-15 Eliot Ave,Middle Village,11379
Met Fresh,1381 Myrtle Ave,Brooklyn,11237
Metro 525 Deli,525 Metropolitan Ave,Brooklyn,11211
Metro Deli,78 Havemeyer St,Brooklyn,11211
Metro Organic,135 Metropolitan Ave,Brooklyn,11249
Metropolitan City Market,1142 Bedford Ave,Brooklyn,11216
Metropolitan City Market,150 Myrtle Ave,Brooklyn,11201
Middle Neck News & Convenience,29 Middle Neck Rd,Great Neck,11021
Mike Anile,Mike Anile,Nyc,11378
Milkman / Mitchells Ny,48-01 31st St,Long Island City,11101
Mini Es Wholesome Foods,227 E 7th St,New York,10009
Mini Market,1101 Avenue S,Brooklyn,11223
Mobil - Elmont,840 Elmont Rd,Elmont,11003
Mobil Gas- Mclean Ave,296 Mclean Ave,Yonkers,10705
Mobil Mart,605 Burnside Ave,Inwood,11096
Mobil On The Run,595 Northern Blvd,Great Neck,11020
Mobil,1021 Northern Blvd,Manhasset,11030
Mobil,657 North Ave,New Rochelle,10801
Moca Deli Grocery,4183 Broadway,New York,10033
Moca Deli,4183 Vroadway,Manhattan,10033
Modern Gourmet,793 Broadway,New York,10003
Moguil Halal,144 Wyckoff Ave,Brooklyn,11237
Mom & Pops Organic Market,889 Manhattan Ave,Brooklyn,11222
Monarch Beverage,505 Long Beach Blvd,Long Beach,11561
Morrison - Beth Israel,1st Ave & E 16th St,New York,10003
Morrison - Mount Sinai Health,1000 10th Ave,New York,10019
Morrison - St. Lukes,1111 Amsterdam Ave,New York,10025
Morrison-new York Eye & Ear Infirmary,310 E 14th St,New York,10003
Morton Williams Supermarkets,1066 3rd Ave,New York,10065
Morton Williams Supermarkets,1331 1st Ave,New York,10021
Morton Williams/ Burgundy & White,1211 Madison Ave,New York,10128
Morton Williams/blue And White #791,2941 Broadway,New York,10025
Morton Williams/bronze And White,917 9th Ave,New York,10019
Morton Williams/brown And White,311 E 23rd St,New York,10010
Morton Williams/crimson And White,140 W 57th St,New York,10019
Morton Williams/gold And White,2467 Jerome Ave,Bronx,10468
Morton Williams/orange And White,1565 1st Ave,New York,10028
Morton Williams/silver And White,278 Park Ave S,New York,10010
Morton Williams/tan And White,130 Bleecker St,New York,10012
Mr Lemon,410 Knickerbocker Ave,Brooklyn,11237
Mr Lemon,410 Knockerbocker,Brooklyn,11222
Mr. Berry,892 Manhattan Ave,Brooklyn,11222
Mr. Grahams Market,344 Graham Ave,Brooklyn,11211
Mr. Lime & Mr. Kiwi,167 Bedford Ave,Brooklyn,11211
Mr. Nice Guy Deli,92 Manhattan Ave,Brooklyn,11206
Mr. Pina Fruit & Vegetables,219 Havemeyer St,Brooklyn,11211
Mr. Plum,658 Manhattan Ave,Brooklyn,11222
Murrays Bagel,500 6th Ave,New York,10011
Nadal 1,3377 Broadway,New York,10031
Narketplace - Brooklyn,1781 Broadway,Brooklyn,11207
Native Bean,36b Ave A,New York,10009
Natural Frontier - Astoria,31-28 Ditmars Blvd,Astoria,11105
Natural Frontier Market - Bklyn,1102 Cortelyou Rd,Brooklyn,11218
Natural Organic Deli Corp,1203 Myrtle Ave,Brooklyn,11221
Natural Valley Market Inc,182 Ralph Ave,Brooklyn,11233
New Family Market / Bueno East Market,36 Ave A,New York,10009
New Riverdale Gourmet Deli,452 W 238th St,Bronx,10463
New Smoke Shop Convenience,57-16 Roosevelt,Queens,11317
New Soho Chocolate Candy & Ice Cream,203 Spring St,New York,10012
New Sun Deli,416 E 189 St,Bronx,11378
New University Deli,603 W 168th St,New York,10032
New York Athletic Club,180 Central Park South,New York,10019
New York Deli,82 Havemeyer St,Brooklyn,11211
New York Health & Racquet Club,110 W 56th St,New York,10019
New York Health & Racquet Club,132 E 45th St,New York,10017
New York Health & Racquet Club,20 E 50th St,New York,10022
New York Health & Racquet Club,24 E 13th St,New York,10003
New York Health & Racquet Club,270 Park Ave S,New York,10010
New York Health & Racquet Club,39 Whitehall St,New York,10004
New York Health & Racquet Club,60 W 23rd St,New York,10010
New York Health & Racquet Club,62 Cooper Square,New York,10003
New York Health & Racquet Club,York Ave & E 76th St,New York,10021
News And Smoke Shop,118 Delancey St,New York,10002
Norman Cafe,93 Norman Ave,Brooklyn,11222
North 7 Deli (market),183 Bedford Ave,Brooklyn,11211
North Elm Health,1695 1st Ave,New York,10128
North Shore Farms - Great Neck,90 Horace Harding Blvd,Great Neck,11020
North Shore Hospital - Gourmet To Go,900 Franklin Ave,Franklin Square,11010
Northwell Hospital - Franklin,Franklin Ave,Franklin Square,11010
Not Guilty,19 Hyatt St,Staten Island,10301
Nsa - 1635 Lexington Avenue,1635 Lexington Ave,New York,10029
Nsa Supermarket,317 Ninth Ave,New York,10001
Nsa Supermarket,720 Washington Ave,Brooklyn,11238
Nsa Supermarket,830 Lafayette Ave,Brooklyn,11221
Nsa Supermarket,89-36 Sutphin Blvd,Jamaica,11435
Nslism,600 Community Drive,Manhasset,11030
Nucare Pharmacy,246 9th Ave,New York,10001
Nyc Fresh Market,1660 Madison Ave,New York,10029
Nyit - Nyc,1855 Broadway,New York,10023
Oasis Snacks,4014 1st Ave,Brooklyn,11232
Oasis Snacks,80 39th St,Brooklyn,11232
Ocean 2 Deli,2970 Ocean Ave,Brooklyn,11235
Ocean Mini Mart,3917 18th Ave,Brooklyn,11218
Ohs Mini Market,227 Nassau Ave,Brooklyn,11222
Olive Deli,891 Grand St,Brooklyn,11211
Olive Tree Deli,3060 Broadway,New York,10027
Omega Salad Bar & Deli,351 W 125th St,New York,10027
Omg Beverage Inc,54-24 82nd St,Elmhurst,11373
On The 6 Deli,1840 Westchester Ave,Bronx,10472
One Drop Distributor,520 E 76th St,New York,10021
One Essex Market,Essex St,New York,10002
Optimo Cards & Gifts,490 Elmont Rd,Elmont,11003
Orange Tree Market,121 Graham Ave,Brooklyn,11206
Orange Tree Naturals,517 Grand St,Brooklyn,11211
Organic Deli & Grocery Corp,1018 Manhattan Ave,Brooklyn,11222
Organic Gourmet Deli Corp,376 Union Ave,Brooklyn,11211
Organic Planet Corp,43 Bogart St,Brooklyn,11206
Organic Planet,205 N 9th St,Brooklyn,11211
P&p Candy Store Inc,790 Manhattan Ave,Brooklyn,11222
Pantry Deli,405 W 23rd St,New York,10011
Paradise Market,244 10th Ave,New York,10001
Park Terrace Deli,510 West 218 West,New York,10034
Parkview Market,101 Bedford Ave,Brooklyn,11211
Pauls Market Place,385 City Island Ave,Bronx,10464
Pelham Plaza,605 5th Acenue,Pelham,10803
Penn Shusi,2 Penn Plaza,New York,10121
Pioneer - 300 W 110,300 W 110th St,New York,10026
Pioneer-289 Columbus Ave,289 Columbus Ave,New York,10023
Pk Smoke & Cards,254 E Park Ave,Long Beach,11561
Planet Smoothie,1 Penn Plaza,New York,10119
Plaza Fruit & Grocery,37 Newkirk Plaza,Brooklyn,11226
Plaza Gourmet Deli,12 Newkirk Plaza,Brooklyn,11226
Pleroma,767 2nd Ave,New York,10017
Ponchos Gourmet Deli,1424 Sheepshead Bay Rd,Brooklyn,11235
Poppys Deli,191 Ave A,New York,10009
Presbyterian Deli,1081 Saint Nicholas Ave,New York,10032
Prestige Cafe & Deli,228 Fort Washington Ave,New York,10032
Prosultos Mexicanos,1105 Church Ave,Brooklyn,11218
Q Mart,4311 Broadway,New York,10033
Qnn Food,107 E 125th St,New York,10035
Queens North Task Force,137-58 Northern Blvd,Flushing,11354
Quentin Rd Convenience,1101 Quentin Rd,Brooklyn,11229
Quick Pick Convenience,136 Main St,East Rockaway,11518
Ra - A & E Networks,235 E 45th St,New York,10017
Ra - Fried Frank,1 Ny Plaza,New York,10004
Ra - Hbo,1100 Avenue Of The Americas,New York,10036
Ra - Marsh & Mclennan,1166 Avenue Of The Americas,New York,10036
Ra - Moodys Unit #18301,7 World Trade Ctr,New York,10007
Ra - New York Stock Exchange,11 Wall St,New York,10005
Ra - Patterson Belknap,1133 6th Ave,New York,10036
Ra - Ubs Paine Weber Cafe,1285 6th Ave,New York,10019
Ra - Viacom,1515 Broadway,New York,10036
Radhan Krishna,1806 Kings Hwy,Brooklyn,11229
Recreation At The Moxy,26 Ann St,New York,10038
Remis Place #1 Deli,989 Main St,New Rochelle,10801
Richmond Gourmet,1471 Richmond Ave,Staten Island,10314
Riverside Gourmet Market,3779 Broadway,New York,10032
Rivington Foods,210 Rivington St,New York,10002
Rma-scholastic Bldg,120 Mercer St,New York,10012
Rockaway Express,114-02 Rockaway Blvd,South Ozone Park,11420
Rockaway Gourmet,9627 Farragut Rd,Brooklyn,11236
Ron Genovese,Ron Genovese,Maspeth,11378
Royal Finest Deli & Grill,37 1/2 W Grand St,Mount Vernon,10552
Royal Grocery,780 Metropolitan Ave,Brooklyn,11211
Ryder Joe Deli,1201 2nd Ave,New Hyde Park,11040
Sage Cafe / Market / More,700 North Ave,New Rochelle,10801
Sam Deli,3459 Broadway,New York,10031
Sam Organic Deli,340 Grand St,Brooklyn,11211
Santa Barbara,551 E 11th St,New York,10009
Savory Deli & Grocery,1840 Amsterdam Ave,New York,10031
Sheen Brothers,157 Ave B,New York,10009
Sheepshead Bay Fruit & Vegetable,1717 Avenue Z,Brooklyn,11235
Shell Gas,2001 Cropsey Ave,Brooklyn,11214
Shop Fair - Yonkers,113 New Main St,Yonkers,10701
Shop Fair Supermarket,1125 Fulton St,Brooklyn,11238
Shop Fair Supermarket,Adam Clayton Powell Jr Blvd,New York,10027
Shop Fair,306 E 170th St,Bronx,10456
Shop N Click,161-01 Northern Blvd,Flushing,11358
Smile To Go Flatiron,23 Lexington Ave,New York,10010
Smileys Bagels,1980 Victory Blvd,Staten Island,10314
Smoke Shop Queens Plaza,25-17 Queens Plz N,Long Island City,11101
Smoke Shop,61 Delancey St,New York,10002
Sodexho - Colgate Palmolive,300 Park Ave,New York,10022
Sodexho - Rosenman Kmz Rosenman,575 Madison Ave,New York,10022
Sodexo - Societe Generale Unit # 8833500,245 Park Ave,New York,10167
Soho Garden,40 Prince St,New York,10012
Soho News International,186 Prince St,New York,10012
Sohos Finest Market,17 Thompson St,New York,10013
South Brooklyn Beverage Inc.,1407 E 22nd St,Brooklyn,11210
Space Market,1 University Place,New York,10003
Speedway,1173 Jericho Tpke,New Hyde Park,11040
Speedway,159-04 Cross Bay Blvd,Howard Beach,11414
Speedway,1851 5th Ave,Brooklyn,11232
Speedway,2488 Hylan Blvd,Staten Island,10306
Speedway,3355 E Tremont Ave,Bronx,10461
Speedway,386 W Broadway,New York,10012
Speedway,401 W 207th St,New York,10034
Speedway,46 Sunrise Ter,Staten Island,10304
Speedway,550 Atlantic Ave,Brooklyn,11217
Speedway,610 Nereid Ave,Bronx,10470
Speedway,800 Jericho Tpke,New Hyde Park,11040
Spring Mart,202 Mott St,New York,10012
Sprout Market,984 Broadway,Brooklyn,10010
Spyros Deli,11 8th Ave,New York,10014
Square Deli,168 8th Ave,New York,10011
St. Marks Market,21 St Marks Pl,New York,10003
Stanton Smoke Shop,100 Stanton St,New York,10002
Statue Of Liberty Cafe,5 Ferry Terminal Dr,Staten Island,10301
Stay Fresh,889 Broadway,Brooklyn,11206
Stay Fresh,889 Broaway,Brooklyn,11206
Sterling Affair "brooklyn Law",250 Joralemon St,Brooklyn,11201
Sterling Affair - Ny Academy Of Medicine,1216 5th Ave,New York,10029
Stop 1 Deli,122 Suffolk St,New York,10002
Stop 1 Deli,172 Allen St,New York,10002
Stop N Go,39-58 61st St,Woodside,11377
Strawberry Deli,350 W 14th St,New York,10014
Sugar Deli,470 9th Ave,New York,10018
Sunac,150 N 7th St,Brooklyn,11249
Sunac,440 Union Ave,Brooklyn,11211
Sunny And Annie,94 Avenue B,New York,10009
Sunoco - Cropsey,1907 Cropsey Ave,Brooklyn,11214
Sunoco,1188 Metropolitan Ave,Brooklyn,11237
Sunoco,1781 Arthur Kill Rd,Staten Island,10312
Sunoco,244 Linden Blvd,Elmont,11003
Sunoco,471 Burnside Ave,Inwood,11096
Sunoco,630 Arthur Kill Rd,Staten Island,10308
Sunoco,700 South Ave,Staten Island,10303
Sunoco,71 Huguenot St,New Rochelle,10801
SunocoWoodbridge, New Jersey, 07095,Woodbridge
Sunrise Mart,494 Broome Steet,Newy York,10013
Sunrise,72 Ralph Ave,Brooklyn,11221
Sunshine Express Deli,986 Gates Ave,Brooklyn,11221
Super Deli 627,627 Manhattan Ave,Brooklyn,11222
Super Foodtown,600 W 160th St,New York,10032
Super Fresh Food World,2475 Jericho Turnpike,Garden City,11040
Super Fresh,6400 Amboy Rd,Staten Island,10309
Sx Gourmet,115 Essex St,New York,10002
T & C Convenience Center,224-01 North Conduit Blvd,Jamaica,11413
T & J Beverage Inc.,48-12 Oceania St,Oakland Gardens,11364
T And E Express Deli,4178 Victory Blvd,Staten Island,10314
T.k. Grill,954 Broadway,Brooklyn,11221
Tapout Fitness,100-02 Rockaway Blvd,Ozone Park,11417
Target,112 W 34th St,New York,10120
Target,13505 20th Ave,College Point,11356
Target,139 Flatbush Ave,Brooklyn,11217
Target,1598 Flatbush Ave,Brooklyn,11210
Target,1715 E 13th St,Brooklyn,11229
Target,1730 Hempstead Tpke,Elmont,11003
Target,255 Greenwich St,New York,10007
Target,2873 Richmond Ave,Staten Island,10314
Target,2900 Veterans Rd W,Staten Island,10309
Target,40 W 225th St,Bronx,10463
Target,400 Grand St,New York,10002
Target,4024 College Point Blvd Ste F600,Flushing,11354
Target,4024 College Point Blvd,Flushing,11354
Target,445 Albee Sq,Brooklyn,11201
Target,500 E 14th St,New York,10009
Target,500 East Sandford Blvd,Mount Vernon,10550
Target,517 E 117th St,New York,10035
Target,519 Gateway Dr,Brooklyn,11239
Target,6401 18th Ave,Brooklyn,11204
Target,700 Exterior St,Bronx,10451
Target,7000 Austin St,Forest Hills,11375
Target,815 E Hutchinson River Pkwy,Bronx,10465
Target,8801 Queens Blvd,Elmhurst,11373
Tash Deli,400 Broome St,New York,10013
Taste-d Beverages Inc.,52 Lortel Ave,Staten Island,10314
Tastebuds Natural Foods,1807 Hylan Blvd,Staten Island,10305
The Beach Deli,2876 Gerritsen Ave,Brooklyn,11229
The Bettered Bagel,1777 South Ave,Staten Island,10314
The Lunch Box,204 Bushwick Ave,Brooklyn,11206
The Standard Deli,188 Nassau Ave,Brooklyn,11222
Thirsty City BeverageFloral Park, New York, 11001,Floral Park
Thompsons Finest Deli,20 Thompson St,New York,10013
Tlc Tea House,103 E 2nd St,New York,10009
Toasties,599 Lexington Ave,New York,10022
Tompkin Finest Gourmet,153 Ave A,New York,10009
Tozt Cafe,59 4th Ave,New York,10003
Trade Fair #11,130-10 Metropolitan Ave,Richmond Hill,11418
Trade Fair #7,23-55 Broadway,Lic,11106
Trade Fair - Lic,22-20 36th St,Astoria,11105
Travers Island,31 Shore Rd,Pelham,10803
Tribeca Finest,393 Canal St,New York,10013
Twisted Distributors,564 Beach 136th St,Rockaway Park,11694
Ultra,1501 Jericho Turnpike,New Hyde Park,11040
Urban Market,11 Broadway,Brooklyn,11249
Us Petroleum,690 Main St,New Rochelle,10801
Usa Deli,818 Manhattan Ave,Brooklyn,11222
V & K Beverages Trading Inc.,23-31 91st St,East Elmhurst,11369
Verdi Fresh,21-01 31st St,Astoria,11105
Vetelios Mrket Place,116-15 Metropolitan Ave,Richmond Hill,11418
Village Cafe And Smoke,136 1st Ave,New York,10009
Village Convenience.,8 Centre Ave,East Rockaway,11518
Village Farm,146 2nd Ave,New York,10003
Village Farms,113 1st Ave,New York,10003
Villas Market Place,5665 Broadway,Bronx,10463
Virginia Deli,1268 Virginia Deli,Bronx,10472
Vitality & Health,46-03 Broadway,Astoria,11103
Vitelios Marketplace,71-76 Yellowstone Blvd,Forest Hills,11375
Vitis Corner Market,112 Central Ave,Brooklyn,11221
Walk In Deli,87 Wythe Ave,Brooklyn,11249
Water Edge Cafe,7 Ferry Terminal Drive,Staten Island,10301
West 21 Deli And Grocery,213 8th Ave,New York,10011
West Side Market,84 3rd Ave,New York,10003
West Village Finest Deli,84 7th Ave S,New York,10014
Westside Market,1407 Lexington Ave,New York,10128
Westside Market,180 3rd Ave,New York,10003
Westside Market,2589 Broadway,New York,10028
Westside Market,2840 Broadway,New York,10025
Wholesome Factory Market,530 Main St,New York,10044
William Organic Market,296 Leonard St,Brooklyn,11211
Wilsea Partners Llc,388 6th Ave,New York,10011
Winchester Deli,233-20 Hillside Ave,Queens Village,11427
Wykoff Deli,1034 Wyckoff Ave,Brooklyn,11237
Yankee Deli,647 E 11th St,New York,10009
Yards Bar And Grill - Motel 6,26-32 Skillman Ave,Long Island City,11101
Yem Yem Falafel,53 2nd Ave,New York,10003
Yummilicious Deli Corp,4119 Broadway,New York,10033
Zabars,2245 Broadway,New York,10024
